{"name":"七龍珠Z 卡卡洛特","id":"CUSA14614","version":"01.10","process":"eboot.bin","mods":[{"name":"infinite ki","type":"checkbox","memory":[{"offset":"A4C65F","on":"909090909090","off":"89815C020000"}]},{"name":"infinite hleath","type":"checkbox","memory":[{"offset":"A4C61F","on":"909090909090","off":"898158020000"}]},{"name":"max all zorbs","type":"checkbox","memory":[{"offset":"145AE85","on":"909090","off":"0F4CC8"}]},{"name":"infinite rage","type":"checkbox","memory":[{"offset":"9D14B7","on":"90909090","off":"410F4EC7"}]},{"name":"max inf items","type":"checkbox","memory":[{"offset":"D7CB2F","on":"909090","off":"8B1483"}]}],"credits":["ابراهيم"]}