{"name":"Just Dance® 2019 (Demo)","id":"CUSA14020","version":"01.12","process":"eboot.bin","mods":[{"name":"Skills Instant Cooldown","type":"checkbox","memory":[{"offset":"15BB2EF","on":"90909090","off":"488B5DA0"}]},{"name":"Infinite Power focus","type":"checkbox","memory":[{"offset":"155D63B","on":"90909090","off":"C5FA1108"}]},{"name":"Infinite Resources","type":"checkbox","memory":[{"offset":"14627AE","on":"90909090","off":"66448938"}]},{"name":"Infinite skills","type":"checkbox","memory":[{"offset":"167C5B9","on":"909090","off":"89427C"}]}],"credits":["إبراهيم "]}