{"name":"Kingdom Come: Deliverance Royal Edition","id":"CUSA15436","version":"01.00","process":"eboot.bin","mods":[{"name":"Max Coins (Have 1 Coin Before Activating)","type":"checkbox","memory":[{"offset":"7FC5E0C0","on":"418B5638C743383F420F00E9BAA4F980","off":"00000000000000000000000000000000"},{"offset":"BF8583","on":"E9385B067F9090","off":"418B5638015338"}]},{"name":"Infinite Stamina","type":"checkbox","memory":[{"offset":"10C208C","on":"C4C17A118720050000","off":"C4C17A118720050000"}]}],"credits":["Wander"]}