{"name":"RESIDENT EVIL 3","id":"CUSA14168","version":"1.03","process":"eboot.bin","mods":[{"name":"Player Pointer","type":"checkbox","memory":[{"offset":"712E240","on":"48A3F03FEF0B00000000448B7858E96EBE96F9","off":"00000000000000000000000000000000000000"},{"offset":"A9A072","on":"E9C941690690","off":"448B7858EB49"}]},{"name":"Health / 1 Hit Mastercode(May not be needed)","type":"checkbox","memory":[{"offset":"712E253","on":"000048A1F03FEF0B000000004839F08B4658740D803DE6FFFFFF01750D31C0EB0E803DD8FFFFFF0174050F4CCA29C8E9C8B27CF9","off":"00000000000000000000000000000000000000000000000000000000000000000000000000000000000000000000000000000000"},{"offset":"8F954A","on":"E9064D8306","off":"0F4CCA29C8"}]},{"name":"Infinite Health","type":"checkbox","memory":[{"offset":"712E253","on":"01","off":"00"}]},{"name":"1 Hit Kill","type":"checkbox","memory":[{"offset":"712E254","on":"01","off":"00"}]},{"name":"Bottomless Clip","type":"checkbox","memory":[{"offset":"1E31F5E","on":"909090","off":"4429F2"}]},{"name":"Max Clip Ammo","type":"checkbox","memory":[{"offset":"1E31F66","on":"89C290","off":"0F4ED0"}]},{"name":"Infinite Ammo","type":"checkbox","memory":[{"offset":"1E99A03","on":"909090909090","off":"2B9578FFFFFF"},{"offset":"1E99A0B","on":"909090","off":"4401F2"}]},{"name":"Max Ammo on Reload","type":"checkbox","memory":[{"offset":"1E99A10","on":"89C290","off":"0F4ED0"}]},{"name":"Short Animationtime for Aiming","type":"checkbox","memory":[{"offset":"DEA8BB","on":"0F57C090","off":"C5FA5CC1"}]},{"name":"Instant Gun-Focus","type":"checkbox","memory":[{"offset":"1D34444","on":"C5FA1005D4732A03","off":"C5F358C0C5FB5AC0"},{"offset":"1D34E05","on":"C5FA5F05136A2A03","off":"C5FA5D05136A2A03"},{"offset":"1D3466D","on":"C5FA1005AB712A03","off":"C5F358C0C5FB5AC0"}]},{"name":"Freeze SaveCounter","type":"checkbox","memory":[{"offset":"15D3882","on":"9090","off":"FFC0"}]},{"name":"Max Items on Combine","type":"checkbox","memory":[{"offset":"1E98F51","on":"89C290","off":"0F4ED0"}]},{"name":"Dupe Items into Storage","type":"checkbox","memory":[{"offset":"60D11B","on":"909090","off":"294820"}]},{"name":"Max Items on move from Storage","type":"checkbox","memory":[{"offset":"1E328B1","on":"4189C590","off":"440F4EE8"}]},{"name":"Max Itemslots on Get","type":"checkbox","memory":[{"offset":"60B95E","on":"90909090","off":"450F4CF4"}]},{"name":"Nemesis stays down","type":"checkbox","memory":[{"offset":"236EA01","on":"C5F828C1","off":"C5F25CC0"}]},{"name":"Nemesis instant recover","type":"checkbox","memory":[{"offset":"236EA01","on":"0F57C090","off":"C5F25CC0"}]},{"name":"Always Open Code-Locks","type":"checkbox","memory":[{"offset":"15CA801","on":"9090","off":"752B"}]}],"credits":["TLH"]}