{"name":"Marvel's Spider-Man","id":"CUSA11993","version":"01.17","process":"eboot.bin","mods":[{"name":"Infinite Focus","type":"checkbox","memory":[{"offset":"3BEF800","on":"C784F3100100000000C842E901B092FC","off":"00000000000000000000000000000000"},{"offset":"51A808","on":"E9F34F6D0390909090","off":"C5FA119CF310010000"}]},{"name":"Infinite Health","type":"checkbox","memory":[{"offset":"3BEF800","on":"66C743706E00E98E08C8FD","off":"0000000000000000000000"},{"offset":"1870094","on":"E967F73702","off":"C5FA115370"}]}],"credits":["gokusuper"]}