{"name":"Söldner-X 2: Final Prototype Definitive Edition","id":"CUSA14451","version":"01.01","process":"eboot.bin","mods":[{"name":"Infinite Health","type":"checkbox","memory":[{"offset":"125DE0","on":"66C783D8000000FF03E9029CF3FF","off":"0000000000000000000000000000"},{"offset":"5F9EA","on":"E9F1630C0090","off":"89B3D8000000"}]},{"name":"Infinite LIMIT","type":"checkbox","memory":[{"offset":"764A5","on":"C686A602000003","off":"C686A602000000"}]},{"name":"Infinite Shock Wave","type":"checkbox","memory":[{"offset":"76426","on":"41C68424E302000002","off":"41C68424E3020000"}]}],"credits":["Saso"]}