{"name":"Fury Unleashed","id":"CUSA15927","version":"01.09","process":"eboot.bin","mods":[{"name":"Infinite Health","type":"checkbox","memory":[{"offset":"1817800","on":"8B4810894814E9B112347F","off":"0000000000000000000000"},{"offset":"80B58AB3","on":"E948EDCB8090909090","off":"8B8D60FFFFFF294814"}]},{"name":"Infinite Grenades","type":"checkbox","memory":[{"section":"14","offset":"3681F7","on":"9090","off":"FFC8"}]},{"name":"Max Gold","type":"checkbox","memory":[{"offset":"1817830","on":"C740640F270000894328E934E7247F","off":"000000000000000000000000000000"},{"offset":"80A65F6D","on":"E9BE18DB8090","off":"8B4064894328"}]}],"credits":["Saso"]}