{"name":"Far Cry® 6","id":"CUSA15778","version":"1.06","process":"eboot.bin","mods":[{"name":"Infinite Ammo","type":"checkbox","memory":[{"offset":"131F336","on":"909090","off":"894354"}]},{"name":"Infinite Grenades/Throwables","type":"checkbox","memory":[{"offset":"131F336","on":"909090","off":"894354"}]},{"name":"Infinite Camp Resources","type":"checkbox","memory":[{"offset":"131F336","on":"909090","off":"894354"}]},{"name":"Max Inventory","type":"checkbox","memory":[{"offset":"131F329","on":"909090","off":"8B4354"}]},{"name":"Max Money","type":"checkbox","memory":[{"offset":"131F336","on":"909090","off":"894354"}]},{"name":"No Reload","type":"checkbox","memory":[{"offset":"4BDE163","on":"89837C01000090","off":"4489B37C010000"}]}],"credits":["AhmadCH"]}