{"name":"Metro Exodus","id":"CUSA11407","version":"1.07","process":"eboot.bin","mods":[{"name":"Freez Mask Filter Time","type":"checkbox","memory":[{"offset":"16D2551","on":"C5FA1080D40A0000C5FA1180D00A0000E9E68FECFE","off":"000000000000000000000000000000000000000000"},{"offset":"59B544","on":"E908701301909090","off":"C5FA1080D00A0000"}]},{"name":"No Weapon Jamp On Shoot","type":"checkbox","memory":[{"offset":"55D4F3","on":"410F948620190000","off":"410F928620190000"}]},{"name":"Gun Without Clip","type":"checkbox","memory":[{"offset":"16D258B","on":"4183AC24C018000000E9E592E7FE","off":"0000000000000000000000000000"},{"offset":"54B876","on":"E9106D1801909090","off":"41898424C0180000"}]},{"name":"No Medkit Decrease","type":"checkbox","memory":[{"offset":"5D249F","on":"909090909090","off":"FF8B44090000"}]},{"name":"Invincible Character","type":"checkbox","memory":[{"offset":"16D2525","on":"488B8838FFFFFFC780C00200000000807FE9521EEAFE","off":"00000000000000000000000000000000000000000000"},{"offset":"574386","on":"E99AE115019090","off":"488B8838FFFFFF"}]},{"name":"No Ammo Decrease","type":"checkbox","memory":[{"offset":"16D2566","on":"66C74772E7030FB74772C3E9BF6FD4FE","off":"00000000000000000000000000000000"},{"offset":"419530","on":"E931902B01","off":"0FB74772C3"}]}],"credits":["ADI"]}