{"name":"Toy Soldiers War Chest","id":"CUSA00428","version":"1.00","process":"eboot.bin","mods":[{"name":"Max Money","type":"checkbox","memory":[{"offset":"2EA3800","on":"66C783CC0000000F27E9FE5A6BFD","off":"0000000000000000000000000000"},{"offset":"559306","on":"E9F5A4940290","off":"89B3CC000000"}]},{"name":"Max Token","type":"checkbox","memory":[{"offset":"2EA3800","on":"C787C40100003F420F00E9E6B74BFD","off":"000000000000000000000000000000"},{"offset":"35EFEF","on":"E90C48B40290","off":"8987C4010000"}]}],"credits":["saso"]}