{"name":"Dead Nation™: Apocalypse Edition","id":"CUSA00176","version":"01.03","process":"eboot.bin","mods":[{"name":"Inf Health","type":"checkbox","memory":[{"offset":"FB7C01","on":"C5F25D48605348BB003DAE06020000004839C37505C5FA1048605BE9F0CF0DFF","off":"0000000000000000000000000000000000000000000000000000000000000000"},{"offset":"94C0C","on":"E9F02FF200","off":"C5F25D4860"}]},{"name":"Infinite Ammo","type":"checkbox","memory":[{"offset":"9009C","on":"9090909090","off":"E9C1060000"},{"offset":"90110","on":"9090","off":"29C2"}]},{"name":"Inf. Flares/Grenades/Molotovs/Mines","type":"checkbox","memory":[{"offset":"90754","on":"9090","off":"FFC8"}]},{"name":"Infinite Money","type":"checkbox","memory":[{"offset":"9DD12","on":"90909090","off":"41294504"},{"offset":"9DE42","on":"90909090","off":"41294704"},{"offset":"9E17D","on":"90909090","off":"41294504"}]},{"name":"Infinite Stamina","type":"checkbox","memory":[{"offset":"9C7375","on":"C5FA110F","off":"C5FA1117"}]}],"credits":["Vampirexx"]}