{
    "name": "Yakuza 4",
    "id": "CUSA15361",
    "version": "1.01",
    "process": "eboot.bin",
    "mods": [
        {
            "name": "Max Money on Buy",
            "type": "checkbox",
            "memory": [
                {
                    "offset": "19E3800",
                    "on": "41C7848750840000FFE0F5050F8ED03410FF4589AC8750840000E98A3410FF",
                    "off": "00000000000000000000000000000000000000000000000000000000000000"
                },
                {
                    "offset": "AE6C9F",
                    "on": "E95CCBEF009090909090",
                    "off": "4589AC87508400007E39"
                }
            ]
        },
        {
            "name": "Max Exp After Get",
            "type": "checkbox",
            "memory": [
                {
                    "offset": "AE7978",
                    "on": "45897E22",
                    "off": "45897E20"
                }
            ]
        },
        {
            "name": "Infinite Ability Point",
            "type": "checkbox",
            "memory": [
                {
                    "offset": "AE7A80",
                    "on": "88472E",
                    "off": "8A472C"
                }
            ]
        },
        {
            "name": "Infinite Health",
            "type": "checkbox",
            "memory": [
                {
                    "offset": "82D8C",
                    "on": "410FB74608",
                    "off": "410FB74606"
                }
            ]
        },
        {
            "name": "Infinite Heats",
            "type": "checkbox",
            "memory": [
                {
                    "offset": "65517",
                    "on": "C5FA104010",
                    "off": "C5FA10400C"
                }
            ]
        },
        {
            "name": "1 Hit KILL",
            "type": "checkbox",
            "memory": [
                {
                    "offset": "654F7",
                    "on": "0FB74010",
                    "off": "0FB74006"
                }
            ]
        }
    ],
    "credits": [
        "IMnoob"
    ]
}