{
    "name": "Resident Evil Revelations 1",
    "id": "CUSA06314",
    "version": "01.00",
    "process": "eboot.bin",
    "mods": [
        {
            "name": "Infinite Health + 1 Hit Kill",
            "hint": null,
            "type": "checkbox",
            "memory": [
                {
                    "offset": "36C0FC",
                    "on": "c5fa119f48130000",
                    "off": "c5fa118748130000"
                },
                {
                    "offset": "36C0FC",
                    "on": "c5fa11a748130000",
                    "off": "c5fa118748130000"
                }
            ]
        },
        {
            "name": "Infinite Ammo",
            "hint": null,
            "type": "checkbox",
            "memory": [
                {
                    "offset": "2168B0",
                    "on": "909090909090",
                    "off": "898804150000"
                }
            ]
        },
        {
            "name": "Infinite BP",
            "hint": null,
            "type": "checkbox",
            "memory": [
                {
                    "offset": "4E80E8",
                    "on": "909090909090",
                    "off": "898b18010000"
                }
            ]
        },
        {
            "name": "1000 Kills Trophy After Kill",
            "hint": null,
            "type": "checkbox",
            "memory": [
                {
                    "offset": "5C277D",
                    "on": "4401b0cc1d0000",
                    "off": "4489b8cc1d0000"
                }
            ]
        },
        {
            "name": "Max Level After Kill",
            "hint": null,
            "type": "button",
            "memory": [
                {
                    "offset": "506192",
                    "on": "450197a8050000",
                    "off": "450197a8050000"
                }
            ]
        }

    ],
    "credits": [
        "TylerMods"
    ]
}