{"name":"DOOM Eternal","id":"CUSA13275","version":"01.02","process":"eboot.bin","mods":[{"name":"Inf. Health","type":"checkbox","memory":[{"offset":"6D91B1","on":"9090","off":"746A"}]},{"name":"Inf. Health + Shield","type":"checkbox","memory":[{"offset":"6D91B1","on":"9090","off":"746A"},{"offset":"6D915A","on":"EB3F","off":"743F"}]},{"name":"Inf. Health + Shield + Keys, etc.","type":"checkbox","memory":[{"offset":"6D91B1","on":"9090","off":"746A"},{"offset":"6D915A","on":"EB3FB86300000089848794AE03004981FB020200000F8555DF9600B80000000089848794AE0300E944DF9600","off":"743FC5F8284DB0C5F82865A04584ED74554963C4486BC058C5F259540338C5F25CC2C5DAC2CA06C5F82ED4C4"},{"offset":"10470C3","on":"E9942069FF9090","off":"8B848794AE0300"}]},{"name":"Infinite Ammo + Fuel","type":"checkbox","memory":[{"offset":"1392706","on":"9090909090","off":"39C10F4EC1"}]},{"name":"Infinite Jumping Dash","type":"checkbox","memory":[{"offset":"E8BEB1","on":"C3909090","off":"C6477B01"}]},{"name":"Health zero = no die","type":"checkbox","memory":[{"offset":"6D2FFA","on":"90909090","off":"488B45A8"}]}],"credits":["Dioniso"]}