{"name":"DRAGON BALL Z: KAKAROT","id":"CUSA14835","version":"01.10","process":"eboot.bin","mods":[{"name":"Inf MAX Health","type":"checkbox","memory":[{"offset":"A4C5DF","on":"898958020000","off":"898158020000"}]},{"name":"INF Max Ki","type":"checkbox","memory":[{"offset":"A4C61F","on":"89B15C020000","off":"89815C020000"}]},{"name":"Inf Max rag","type":"checkbox","memory":[{"offset":"9D1442","on":"41899E60020000","off":"41898660020000"}]},{"name":"Max Lv when get xp","type":"checkbox","memory":[{"offset":"A4CAF0","on":"89DA90909090","off":"8B9150020000"}]},{"name":"items Incressed ","type":"checkbox","memory":[{"offset":"D7CAE2","on":"4401EA","off":"4429EA"}]},{"name":"MAX orbs on get/ when you get Max for all Orbs Stop it","type":"checkbox","memory":[{"offset":"145AE56","on":"478974AE3C","off":"478964AE3C"}]}],"credits":["Muhanned"]}