{
    "name": "Resident Evil 4",
    "id": "CUSA04885",
    "version": "01.00",
    "process": "eboot.bin",
    "mods": [
        {
            "name": "Infinite Health",
            "hint": null,
            "type": "checkbox",
            "memory": [
                {
                    "offset": "208A26",
                    "on": "90909090909090",
                    "off": "66898818500000"
                }
            ]
        },
        {
            "name": "Infinite Ammo",
            "hint": null,
            "type": "checkbox",
            "memory": [
                {
                    "offset": "2e208e",
                    "on": "909090",
                    "off": "894306"
                }
            ]
        },
        {
            "name": "Infinite Inventory Ammo",
            "hint": null,
            "type": "checkbox",
            "memory": [
                {
                    "offset": "2e0dee",
                    "on": "6641014f02",
                    "off": "6641894f02"
                }
            ]
        },
        {
            "name": "99999999 PTAS",
            "hint": null,
            "type": "button",
            "memory": [
                {
                    "offset": "1031C7C",
                    "on": "FFE0F505",
                    "off": "FFE0F505"
                }
            ]
        },
        {
            "name": "Infinite Inventory Ammo (NOP)",
            "type": "checkbox",
            "memory": [
                {
                    "offset": "2E0DEC",
                    "on": "9090",
                    "off": "29C1"
                }
            ]
        }
    ],
    "credits": [
        "TylerMods"
    ]
}