{
    "name": "YAKUZA KIWAMI 2",
    "id": "CUSA10706",
    "version": "01.00",
    "process": "eboot.bin",
    "mods": [
        {
            "name": "Infinite Health",
            "type": "checkbox",
            "memory": [
                {
                    "offset": "23B3800",
                    "on": "66C780880300007F96E97DD355FE",
                    "off": "0000000000000000000000000000"
                },
                {
                    "offset": "910B84",
                    "on": "E9772CAA019090",
                    "off": "488B8888030000"
                }
            ]
        },
        {
            "name": "Max Health",
            "type": "checkbox",
            "memory": [
                {
                    "offset": "23B380E",
                    "on": "66C780900300007F96E97AD355FE",
                    "off": "0000000000000000000000000000"
                },
                {
                    "offset": "910B8F",
                    "on": "E97A2CAA019090",
                    "off": "4C8BB090030000"
                }
            ]
        },
        {
            "name": "Infinite Money and Skill Point on Buy ",
            "type": "checkbox",
            "memory": [
                {
                    "offset": "23B3800",
                    "on": "480F4FD3C704C87F969800E9174BB2FE",
                    "off": "00000000000000000000000000000000"
                },
                {
                    "offset": "ED831F",
                    "on": "E9DCB44D01909090",
                    "off": "480F4FD3488914C8"
                }
            ]
        },
        {
            "name": "Infinite Items",
            "type": "checkbox",
            "memory": [
                {
                    "offset": "23B3800",
                    "on": "0F84DFE6B0FE448968EC448B68F4E973E6B0FE",
                    "off": "00000000000000000000000000000000000000"
                },
                {
                    "offset": "EC1E80",
                    "on": "E97B194F0190",
                    "off": "7469448968F4"
                }
            ]
        }
    ],
    "credits": [
        "IM noob"
    ]
}