{"name":"Need for Speed™ Heat","id":"CUSA15090","version":"01.06","process":"eboot.bin","mods":[{"name":"Max Infinite Cash","type":"checkbox","memory":[{"offset":"579FDC0","on":"4C89E7C74138FFC99A3BE90DD564FC","off":"000000000000000000000000000000"},{"offset":"1DED2D5","on":"E9E62A9B039090","off":"4C89E748895138"}]},{"name":"Permanent Nitrous (Crash to turn off)","type":"checkbox","memory":[{"offset":"579FDA5","on":"C783140400000000803FC5FA108B14040000E95B6076FD","off":"0000000000000000000000000000000000000000000000"},{"offset":"2F05E0F","on":"E9919F8902909090","off":"C5FA118B14040000"}]},{"name":"Infinite Damage (Cops too)","type":"checkbox","memory":[{"offset":"579FDD3","on":"C7471C0000C842C5FA10471CE951F977FD","off":"0000000000000000000000000000000000"},{"offset":"2F1F730","on":"E99E068802","off":"C5FA11471C"}]},{"name":"Infinite Damage Player (Cops harder to kill)","type":"checkbox","memory":[{"offset":"579FDE8","on":"4883FE00740AC5FA11471CE93DF977FDC6471C64E934F977FD","off":"00000000000000000000000000000000000000000000000000"},{"offset":"2F1F730","on":"E9B3068802","off":"C5FA11471C"}]}],"credits":["Arafat"]}