{"name":"Gene Rain : Wind Tower","id":"CUSA13228","version":"01.06","process":"eboot.bin","mods":[{"name":"Health","type":"checkbox","memory":[{"offset":"8023D440","on":"C5FA108774010000C5FA118738010000E9C9BAD500","off":"000000000000000000000000000000000000000000"},{"offset":"80F98F16","on":"E925452AFF909090","off":"C5FA118738010000"}]},{"name":"Infinite Ammo (no Reload)","type":"checkbox","memory":[{"offset":"8023D3F0","on":"BE63000000897754E9E88EAC00","off":"00000000000000000000000000"},{"offset":"80D062DE","on":"E90D7153FF9090","off":"8B7424F4897754"}]},{"name":"X3 Speed","type":"checkbox","memory":[{"offset":"8023D410","on":"C7475C00001041E94F7FD400","off":"000000000000000000000000"},{"offset":"80F85366","on":"E9A5802BFF","off":"C5FA11475C"}]},{"name":"X4 Speed","type":"checkbox","memory":[{"offset":"8023D410","on":"C7475C00004041E94F7FD400","off":"000000000000000000000000"},{"offset":"80F85366","on":"E9A5802BFF","off":"C5FA11475C"}]},{"name":"X6 Speed","type":"checkbox","memory":[{"offset":"8023D410","on":"C7475C00009041E94F7FD400","off":"000000000000000000000000"},{"offset":"80F85366","on":"E9A5802BFF","off":"C5FA11475C"}]}],"credits":["Saso"]}