{"name":"Judgment","id":"CUSA13197","version":"01.09","process":"eboot.bin","mods":[{"name":"Infinite Health","type":"checkbox","memory":[{"offset":"8E1AA9","on":"90909090","off":"480F4FC6"}]},{"name":"1 Hit Kill","type":"checkbox","memory":[{"offset":"2961AD","on":"4D31F6","off":"4989F6"}]},{"name":"Infinite Heat","type":"checkbox","memory":[{"offset":"50A640","on":"C5FA5F4024","off":"C5FA5D4024"}]},{"name":"Infinite Weapon Durability","type":"checkbox","memory":[{"offset":"988120","on":"90909090909090","off":"412B8FF0000000"}]},{"name":"Max SP","type":"checkbox","memory":[{"offset":"8E2CF6","on":"4889C390","off":"480F4FD8"}]},{"name":"Max Money","type":"checkbox","memory":[{"offset":"8E2BC9","on":"4889C390","off":"480F4FD8"}]},{"name":"Infinite Items","type":"checkbox","memory":[{"offset":"20CF800","on":"83BD74FFFFFFFF7406039D74FFFFFFE95F9ECEFE","off":"0000000000000000000000000000000000000000"},{"offset":"DB966D","on":"E98E61310190","off":"039D74FFFFFF"}]},{"name":"Tailing: Low awareness","type":"checkbox","memory":[{"offset":"BBA971","on":"C5FA5DC1","off":"C5FA5FC1"}]},{"name":"Infinite Challenge-Time","type":"checkbox","memory":[{"offset":"1CDCE5","on":"9090909090","off":"C5FA5C4004"}]},{"name":"Darts: Perfect Shot","type":"checkbox","memory":[{"offset":"D34170","on":"41C784247C0200000000003FC5F82E054CBBCF009090","off":"C5FA58C1C5F82E054CBBCF00C4C17A1184247C020000"}]},{"name":"Darts: Easy X01","type":"checkbox","memory":[{"offset":"D47B36","on":"909090909090","off":"0F85DB040000"}]},{"name":"Darts: Easy Score","type":"checkbox","memory":[{"offset":"D45F27","on":"BF0F2700009090","off":"8BBC9118030000"}]},{"name":"Kamuro of the Dead: Infinite Health","type":"checkbox","memory":[{"offset":"15E4033","on":"909090909090","off":"4429F80F46C1"}]},{"name":"Kamuro of the Dead: Infinite Ammo","type":"checkbox","memory":[{"offset":"15DB3B7","on":"9090","off":"FFC8"},{"offset":"15DB837","on":"9090","off":"FFC8"}]},{"name":"Kamuro of the Dead: Max Score","type":"checkbox","memory":[{"offset":"15DB63E","on":"909090","off":"0F42C2"}]},{"name":"Batting Center: Infinite Balls","type":"checkbox","memory":[{"offset":"14FBBB3","on":"909090909090","off":"FF8028020000"},{"offset":"14FB4E4","on":"909090909090","off":"FF8024020000"}]},{"name":"Batting Center: Easy Score","type":"checkbox","memory":[{"offset":"20CF814","on":"C7801C0200000A000000E9C4FE42FF","off":"000000000000000000000000000000"},{"offset":"14FF6E1","on":"E92E01BD0090","off":"FF801C020000"},{"offset":"14FF746","on":"C780EC0100000A000000","off":"8D4C0B018988EC010000"},{"offset":"14FF734","on":"B90A00000090","off":"8B88EC010000"}]},{"name":"Lockpicking: Infinite Time","type":"checkbox","memory":[{"offset":"481F2A","on":"C5F828D1","off":"C5F25CD0"}]},{"name":"Lockpicking: Instant Pick","type":"checkbox","memory":[{"offset":"B468BD","on":"C7437001000000","off":"C7437000000000"}]},{"name":"Drone Race: Infinite Health","type":"checkbox","memory":[{"offset":"A531DF","on":"909090","off":"0F42D1"}]},{"name":"Drone Race: Instant Boost Recharge","type":"checkbox","memory":[{"offset":"A5A758","on":"C5FA2DC6","off":"C5FA2DC0"}]},{"name":"Drone Race: Infinite Boost","type":"checkbox","memory":[{"offset":"A5A6AB","on":"90909090","off":"29C8765B"}]},{"name":"Drone Race: Infinite Time","type":"checkbox","memory":[{"offset":"A2F4A9","on":"9090","off":"29D8"}]},{"name":"Drone Race: Max Items","type":"checkbox","memory":[{"offset":"8E381D","on":"4189C790","off":"440F4EFB"}]},{"name":"Drone Race: Freeze Time","type":"checkbox","memory":[{"offset":"A5C8E4","on":"EB24","off":"7724"}]},{"name":"Drone Race: Finish Line Crossable in both Directions","type":"checkbox","memory":[{"offset":"A5D2B4","on":"EB25","off":"7625"}]},{"name":"Drone Race: Enemys dont move","type":"checkbox","memory":[{"offset":"20CF823","on":"48C7C0F0BF87034C8928418B857C030000E96CE798FE","off":"00000000000000000000000000000000000000000000"},{"offset":"A5DF9E","on":"E9801867019090","off":"418B857C030000"},{"offset":"20CF839","on":"4C392DB0C73A01750BC4C17A5885E0000000EB030F57C0E9CBB798FE","off":"00000000000000000000000000000000000000000000000000000000"},{"offset":"A5B017","on":"E91D48670190909090","off":"C4C17A5885E0000000"}]}],"credits":["TLH"]}