{"name":"Nioh 2","id":"CUSA15526","version":"01.08","process":"eboot.bin","mods":[{"name":"itme","type":"checkbox","memory":[{"offset":"B36311","on":"9090909090909090","off":"66899C16745D1000"}]},{"name":"ki recoerty speed","type":"checkbox","memory":[{"offset":"92C64C","on":"90909090","off":"C5FA1117"}]},{"name":"inf guardian spirit","type":"checkbox","memory":[{"offset":"9D801D","on":"90909090","off":"C5FA5CD9"}]},{"name":"Infinite HP","type":"checkbox","memory":[{"offset":"2289330","on":"498B471849894720E967BBD3FE","off":"00000000000000000000000000"},{"offset":"FC4E9D","on":"E98E442C019090","off":"498B47204885C0"}]},{"name":"Infinite Ki","type":"checkbox","memory":[{"offset":"2289348","on":"C4C17A10474CC4C17A114748E90FBDD3FE","off":"0000000000000000000000000000000000"},{"offset":"FC5062","on":"E9E1422C0190","off":"C4C17A104748"}]},{"name":"Max 99 All Usable Items","type":"checkbox","memory":[{"offset":"228935A","on":"66BB630066899C16745D1000E9AECF8AFE","off":"0000000000000000000000000000000000"},{"offset":"B36311","on":"E944307501909090","off":"66899C16745D1000"}]},{"name":"Max 99 All Green Usable Items","type":"checkbox","memory":[{"offset":"228936C","on":"6641BB63006644899C16F4311100E99DE196FE","off":"00000000000000000000000000000000000000"},{"offset":"BF7513","on":"E9541E690190909090","off":"6644899C16F4311100"}]}],"credits":["guk"]}