{"name":"Mad Max","id":"CUSA00054","version":"01.04","process":"eboot.bin","mods":[{"name":"Godmode","hint":null,"type":"checkbox","memory":[{"offset":"5CC779","on":"9090909090","off":"C5FA11571C"}]},{"name":"Infinite Ammo","hint":null,"type":"checkbox","memory":[{"offset":"57D1E2","on":"90909090","off":"66894F04"},{"offset":"56D8B8","on":"9090","off":"FFC8"}]},{"name":"Bottomless Clip","hint":null,"type":"checkbox","memory":[{"offset":"44B83F","on":"909090909090","off":"898370030000"},{"offset":"43C2CE","on":"90909090909090","off":"41898570030000"}]},{"name":"Infinite Griffasigns","hint":null,"type":"checkbox","memory":[{"offset":"64B6D0","on":"909090909090","off":"898728010000"}]},{"name":"Parts (99999 on Use)","hint":null,"type":"checkbox","memory":[{"offset":"134BF30","on":"41C744CA0C804FC347E9297A0AFF","off":"0000000000000000000000000000"},{"offset":"3F3960","on":"E9CB85F5009090","off":"C4C17A114CCA0C"}]}],"credits":["TLH"]}