{"name":"DRAGON BALL Z: KAKAROT","id":"CUSA14835","version":"01.81","process":"eboot.bin","mods":[{"name":"Items Multiplier","type":"checkbox","memory":[{"offset":"EB9C46","on":"0108","off":"8908"}]},{"name":"Orbs Multiplier","type":"checkbox","memory":[{"section":"1","offset":"164BDDA","on":"47016CA640","off":"47896CA640"}]},{"name":"Money Multiplier","type":"checkbox","memory":[{"offset":"1BCA530","on":"41010C86","off":"41890C86"}]},{"name":"Infinite ki","type":"checkbox","memory":[{"offset":"B3B6FF","on":"909090909090","off":"89816C020000"}]},{"name":"Exp Multiplier","type":"checkbox","memory":[{"offset":"B3BC46","on":"48019160020000","off":"48899160020000"}]}],"credits":["Wander"]}