{
    "name": "Yakuza 3 Remastered",
    "id": "CUSA15360",
    "version": "1.01",
    "process": "eboot.bin",
    "mods": [
        {
            "name": "Max money on Buy",
            "type": "checkbox",
            "memory": [
                {
                    "offset": "1837800",
                    "on": "C78487287D0000FFE0F505E9F01A01FF898487287D0000",
                    "off": "0000000000000000000000000000000000000000000000"
                },
                {
                    "offset": "8492F9",
                    "on": "E902E5FE009090",
                    "off": "8B8487287D0000"
                }
            ]
        },
        {
            "name": "Infinite Experience",
            "type": "checkbox",
            "memory": [
                {
                    "offset": "8760BE",
                    "on": "4189461E",
                    "off": "4189461C"
                }
            ]
        },
        {
            "name": "Infinite Health",
            "type": "checkbox",
            "memory": [
                {
                    "offset": "65A4F",
                    "on": "0FB7440116",
                    "off": "0FB7440114"
                }
            ]
        },
        {
            "name": "Infinite Heats",
            "type": "checkbox",
            "memory": [
                {
                    "offset": "5CC42",
                    "on": "C5FA104714",
                    "off": "C5FA104008"
                }
            ]
        },
        {
            "name": "1 HIT KILL",
            "type": "checkbox",
            "memory": [
                {
                    "offset": "2C9D57",
                    "on": "0FB74017",
                    "off": "0FB74004"
                }
            ]
        }
    ],
    "credits": [
        "IMnoob"
    ]
}